﻿<Techne Version="2.2">
	<Author />
	<DateCreated />
	<Description />
	<Models>
		<Model texture="none.png">
			<BaseClass>ModelBase</BaseClass>
			<Geometry>
				<Folder type="f8bf7d5b-37bf-455b-93f9-b6f9e81620e1" Name="Model">
					<Shape type="d9e621f7-957f-4b77-b1ae-20dcd0da7751" name="Head">
						<Animation>
							<AnimationAngles>0,0,0</AnimationAngles>
							<AnimationDuration>0,0,0</AnimationDuration>
							<AnimationType>0,0,0</AnimationType>
						</Animation>
						<IsDecorative>False</IsDecorative>
						<IsFixed>False</IsFixed>
						<IsMirrored>False</IsMirrored>
						<Offset>-2,-6,-2</Offset>
						<Position>0,15,-4</Position>
						<Rotation>0,0,0</Rotation>
						<Size>4,6,3</Size>
						<TextureOffset>0,0</TextureOffset>
						<Scale>0</Scale>
						<Part>Head</Part>
					</Shape>
					<Shape type="d9e621f7-957f-4b77-b1ae-20dcd0da7751" name="Bill">
						<Animation>
							<AnimationAngles>0,0,0</AnimationAngles>
							<AnimationDuration>0,0,0</AnimationDuration>
							<AnimationType>0,0,0</AnimationType>
						</Animation>
						<IsDecorative>False</IsDecorative>
						<IsFixed>False</IsFixed>
						<IsMirrored>False</IsMirrored>
						<Offset>-2,-4,-4</Offset>
						<Position>0,15,-4</Position>
						<Rotation>0,0,0</Rotation>
						<Size>4,2,2</Size>
						<TextureOffset>14,0</TextureOffset>
						<Scale>0</Scale>
						<Part>Head</Part>
					</Shape>
					<Shape type="d9e621f7-957f-4b77-b1ae-20dcd0da7751" name="Chin">
						<Animation>
							<AnimationAngles>0,0,0</AnimationAngles>
							<AnimationDuration>0,0,0</AnimationDuration>
							<AnimationType>0,0,0</AnimationType>
						</Animation>
						<IsDecorative>False</IsDecorative>
						<IsFixed>False</IsFixed>
						<IsMirrored>False</IsMirrored>
						<Offset>-1,-2,-3</Offset>
						<Position>0,15,-4</Position>
						<Rotation>0,0,0</Rotation>
						<Size>2,2,2</Size>
						<TextureOffset>14,4</TextureOffset>
						<Scale>0</Scale>
						<Part>Head</Part>
					</Shape>
					<Shape type="d9e621f7-957f-4b77-b1ae-20dcd0da7751" name="Body">
						<Animation>
							<AnimationAngles>0,0,0</AnimationAngles>
							<AnimationDuration>0,0,0</AnimationDuration>
							<AnimationType>0,0,0</AnimationType>
						</Animation>
						<IsDecorative>False</IsDecorative>
						<IsFixed>False</IsFixed>
						<IsMirrored>False</IsMirrored>
						<Offset>-3,-4,-3</Offset>
						<Position>0,16,0</Position>
						<Rotation>0,0,0</Rotation>
						<Size>6,8,6</Size>
						<TextureOffset>0,9</TextureOffset>
						<Scale>0</Scale>
						<Part>Chest</Part>
					</Shape>
					<Shape type="d9e621f7-957f-4b77-b1ae-20dcd0da7751" name="Right Leg">
						<Animation>
							<AnimationAngles>0,0,0</AnimationAngles>
							<AnimationDuration>0,0,0</AnimationDuration>
							<AnimationType>0,0,0</AnimationType>
						</Animation>
						<IsDecorative>False</IsDecorative>
						<IsFixed>False</IsFixed>
						<IsMirrored>False</IsMirrored>
						<Offset>-1,0,-3</Offset>
						<Position>-2,19,1</Position>
						<Rotation>0,0,0</Rotation>
						<Size>3,5,3</Size>
						<TextureOffset>26,0</TextureOffset>
						<Scale>0</Scale>
						<Part>RightLeg</Part>
					</Shape>
					<Shape type="d9e621f7-957f-4b77-b1ae-20dcd0da7751" name="Left Leg">
						<Animation>
							<AnimationAngles>0,0,0</AnimationAngles>
							<AnimationDuration>0,0,0</AnimationDuration>
							<AnimationType>0,0,0</AnimationType>
						</Animation>
						<IsDecorative>False</IsDecorative>
						<IsFixed>False</IsFixed>
						<IsMirrored>True</IsMirrored>
						<Offset>-1,0,-3</Offset>
						<Position>1,19,1</Position>
						<Rotation>0,0,0</Rotation>
						<Size>3,5,3</Size>
						<TextureOffset>26,0</TextureOffset>
						<Scale>0</Scale>
						<Part>LeftLeg</Part>
					</Shape>
					<Shape type="d9e621f7-957f-4b77-b1ae-20dcd0da7751" name="Right Wing">
						<Animation>
							<AnimationAngles>0,0,0</AnimationAngles>
							<AnimationDuration>0,0,0</AnimationDuration>
							<AnimationType>0,0,0</AnimationType>
						</Animation>
						<IsDecorative>False</IsDecorative>
						<IsFixed>False</IsFixed>
						<IsMirrored>False</IsMirrored>
						<Offset>0,0,-3</Offset>
						<Position>-4,13,0</Position>
						<Rotation>0,0,0</Rotation>
						<Size>1,4,6</Size>
						<TextureOffset>24,13</TextureOffset>
						<Scale>0</Scale>
						<Part>RightArm</Part>
					</Shape>
					<Shape type="d9e621f7-957f-4b77-b1ae-20dcd0da7751" name="Left Leg">
						<Animation>
							<AnimationAngles>0,0,0</AnimationAngles>
							<AnimationDuration>0,0,0</AnimationDuration>
							<AnimationType>0,0,0</AnimationType>
						</Animation>
						<IsDecorative>False</IsDecorative>
						<IsFixed>False</IsFixed>
						<IsMirrored>False</IsMirrored>
						<Offset>-1,0,-3</Offset>
						<Position>4,13,0</Position>
						<Rotation>0,0,0</Rotation>
						<Size>1,4,6</Size>
						<TextureOffset>24,13</TextureOffset>
						<Scale>0</Scale>
						<Part>LeftArm</Part>
					</Shape>
				</Folder>
			</Geometry>
			<GlScale>1,1,1</GlScale>
			<Name>Chicken</Name>
			<TextureSize>64,32</TextureSize>
		</Model>
	</Models>
	<Name>Chicken</Name>
</Techne>