﻿<Techne Version="2.2">
	<Author />
	<DateCreated />
	<Description />
	<Models>
		<Model texture="none.png">
			<BaseClass>ModelBase</BaseClass>
			<Geometry>
				<Folder type="f8bf7d5b-37bf-455b-93f9-b6f9e81620e1" Name="Model">
					<Shape type="d9e621f7-957f-4b77-b1ae-20dcd0da7751" name="Head">
						<Animation>
							<AnimationAngles>0,0,0</AnimationAngles>
							<AnimationDuration>0,0,0</AnimationDuration>
							<AnimationType>0,0,0</AnimationType>
						</Animation>
						<IsDecorative>False</IsDecorative>
						<IsFixed>False</IsFixed>
						<IsMirrored>False</IsMirrored>
						<Offset>-4,-10,-4</Offset>
						<Position>0,0,0</Position>
						<Rotation>0,0,0</Rotation>
						<Size>8,10,8</Size>
						<TextureOffset>0,0</TextureOffset>
						<Scale>0</Scale>
						<Part>Head</Part>
					</Shape>
					<Shape type="d9e621f7-957f-4b77-b1ae-20dcd0da7751" name="Nose">
						<Animation>
							<AnimationAngles>0,0,0</AnimationAngles>
							<AnimationDuration>0,0,0</AnimationDuration>
							<AnimationType>0,0,0</AnimationType>
						</Animation>
						<IsDecorative>False</IsDecorative>
						<IsFixed>False</IsFixed>
						<IsMirrored>False</IsMirrored>
						<Offset>-1,-3,-6</Offset>
						<Position>0,0,0</Position>
						<Rotation>0,0,0</Rotation>
						<Size>2,4,2</Size>
						<TextureOffset>24,0</TextureOffset>
						<Scale>0</Scale>
						<Part>Head</Part>
					</Shape>
					<Shape type="d9e621f7-957f-4b77-b1ae-20dcd0da7751" name="Arms">
						<Animation>
							<AnimationAngles>0,0,0</AnimationAngles>
							<AnimationDuration>0,0,0</AnimationDuration>
							<AnimationType>0,0,0</AnimationType>
						</Animation>
						<IsDecorative>False</IsDecorative>
						<IsFixed>False</IsFixed>
						<IsMirrored>False</IsMirrored>
						<Offset>-8,-2,-2</Offset>
						<Position>0,3,-1</Position>
						<Rotation>-42.97183,0,0</Rotation>
						<Size>4,8,4</Size>
						<TextureOffset>44,22</TextureOffset>
						<Scale>0</Scale>
						<Part>LeftArm</Part>
					</Shape>
					<Shape type="d9e621f7-957f-4b77-b1ae-20dcd0da7751" name="Arms">
						<Animation>
							<AnimationAngles>0,0,0</AnimationAngles>
							<AnimationDuration>0,0,0</AnimationDuration>
							<AnimationType>0,0,0</AnimationType>
						</Animation>
						<IsDecorative>False</IsDecorative>
						<IsFixed>False</IsFixed>
						<IsMirrored>False</IsMirrored>
						<Offset>4,-2,-2</Offset>
						<Position>0,3,-1</Position>
						<Rotation>-42.97183,0,0</Rotation>
						<Size>4,8,4</Size>
						<TextureOffset>44,22</TextureOffset>
						<Scale>0</Scale>
						<Part>LeftArm</Part>
					</Shape>
					<Shape type="d9e621f7-957f-4b77-b1ae-20dcd0da7751" name="Arms">
						<Animation>
							<AnimationAngles>0,0,0</AnimationAngles>
							<AnimationDuration>0,0,0</AnimationDuration>
							<AnimationType>0,0,0</AnimationType>
						</Animation>
						<IsDecorative>False</IsDecorative>
						<IsFixed>False</IsFixed>
						<IsMirrored>False</IsMirrored>
						<Offset>-4,2,-2</Offset>
						<Position>0,3,-1</Position>
						<Rotation>-42.97183,0,0</Rotation>
						<Size>8,4,4</Size>
						<TextureOffset>40,38</TextureOffset>
						<Scale>0</Scale>
						<Part>LeftArm</Part>
					</Shape>
					<Shape type="d9e621f7-957f-4b77-b1ae-20dcd0da7751" name="Left Leg">
						<Animation>
							<AnimationAngles>0,0,0</AnimationAngles>
							<AnimationDuration>0,0,0</AnimationDuration>
							<AnimationType>0,0,0</AnimationType>
						</Animation>
						<IsDecorative>False</IsDecorative>
						<IsFixed>False</IsFixed>
						<IsMirrored>False</IsMirrored>
						<Offset>-2,0,-2</Offset>
						<Position>-2,12,0</Position>
						<Rotation>0,0,0</Rotation>
						<Size>4,12,4</Size>
						<TextureOffset>0,22</TextureOffset>
						<Scale>0</Scale>
						<Part>LeftLeg</Part>
					</Shape>
					<Shape type="d9e621f7-957f-4b77-b1ae-20dcd0da7751" name="Left Leg">
						<Animation>
							<AnimationAngles>0,0,0</AnimationAngles>
							<AnimationDuration>0,0,0</AnimationDuration>
							<AnimationType>0,0,0</AnimationType>
						</Animation>
						<IsDecorative>False</IsDecorative>
						<IsFixed>False</IsFixed>
						<IsMirrored>True</IsMirrored>
						<Offset>-2,0,-2</Offset>
						<Position>2,12,0</Position>
						<Rotation>0,0,0</Rotation>
						<Size>4,12,4</Size>
						<TextureOffset>0,22</TextureOffset>
						<Scale>0</Scale>
						<Part>RightLeg</Part>
					</Shape>
					<Shape type="d9e621f7-957f-4b77-b1ae-20dcd0da7751" name="Body">
						<Animation>
							<AnimationAngles>0,0,0</AnimationAngles>
							<AnimationDuration>0,0,0</AnimationDuration>
							<AnimationType>0,0,0</AnimationType>
						</Animation>
						<IsDecorative>False</IsDecorative>
						<IsFixed>False</IsFixed>
						<IsMirrored>False</IsMirrored>
						<Offset>-4,0,-3</Offset>
						<Position>0,0,0</Position>
						<Rotation>0,0,0</Rotation>
						<Size>8,12,6</Size>
						<TextureOffset>16,20</TextureOffset>
						<Scale>0</Scale>
						<Part>Chest</Part>
					</Shape>
					<Shape type="d9e621f7-957f-4b77-b1ae-20dcd0da7751" name="Overwear">
						<Animation>
							<AnimationAngles>0,0,0</AnimationAngles>
							<AnimationDuration>0,0,0</AnimationDuration>
							<AnimationType>0,0,0</AnimationType>
						</Animation>
						<IsDecorative>False</IsDecorative>
						<IsFixed>False</IsFixed>
						<IsMirrored>False</IsMirrored>
						<Offset>-4,0,-3</Offset>
						<Position>0,0,0</Position>
						<Rotation>0,0,0</Rotation>
						<Size>8,18,6</Size>
						<TextureOffset>0,38</TextureOffset>
						<Scale>0.5</Scale>
						<Part>Chest</Part>
					</Shape>
				</Folder>
			</Geometry>
			<GlScale>1,1,1</GlScale>
			<Name>Villager</Name>
			<TextureSize>64,64</TextureSize>
		</Model>
	</Models>
	<Name>Villager</Name>
</Techne>