﻿<Techne Version="2.2">
	<Author />
	<DateCreated />
	<Description />
	<Models>
		<Model texture="none.png">
			<BaseClass>ModelBase</BaseClass>
			<Geometry>
				<Folder type="f8bf7d5b-37bf-455b-93f9-b6f9e81620e1" Name="Model">
					<Shape type="d9e621f7-957f-4b77-b1ae-20dcd0da7751" name="Slime">
						<Animation>
							<AnimationAngles>0,0,0</AnimationAngles>
							<AnimationDuration>0,0,0</AnimationDuration>
							<AnimationType>0,0,0</AnimationType>
						</Animation>
						<IsDecorative>False</IsDecorative>
						<IsFixed>False</IsFixed>
						<IsMirrored>False</IsMirrored>
						<Offset>-4,16,-4</Offset>
						<Position>0,0,0</Position>
						<Rotation>0,0,0</Rotation>
						<Size>8,8,8</Size>
						<TextureOffset>0,0</TextureOffset>
						<Scale>0</Scale>
						<Part>Head</Part>
					</Shape>
					<Shape type="d9e621f7-957f-4b77-b1ae-20dcd0da7751" name="Slime">
						<Animation>
							<AnimationAngles>0,0,0</AnimationAngles>
							<AnimationDuration>0,0,0</AnimationDuration>
							<AnimationType>0,0,0</AnimationType>
						</Animation>
						<IsDecorative>False</IsDecorative>
						<IsFixed>False</IsFixed>
						<IsMirrored>False</IsMirrored>
						<Offset>-3,17,-3</Offset>
						<Position>0,0,0</Position>
						<Rotation>0,0,0</Rotation>
						<Size>6,6,6</Size>
						<TextureOffset>0,16</TextureOffset>
						<Scale>0</Scale>
						<Part>Helmet</Part>
					</Shape>
					<Shape type="d9e621f7-957f-4b77-b1ae-20dcd0da7751" name="Eye">
						<Animation>
							<AnimationAngles>0,0,0</AnimationAngles>
							<AnimationDuration>0,0,0</AnimationDuration>
							<AnimationType>0,0,0</AnimationType>
						</Animation>
						<IsDecorative>False</IsDecorative>
						<IsFixed>False</IsFixed>
						<IsMirrored>False</IsMirrored>
						<Offset>-3.25,18,-3.5</Offset>
						<Position>0,0,0</Position>
						<Rotation>0,0,0</Rotation>
						<Size>2,2,2</Size>
						<TextureOffset>32,0</TextureOffset>
						<Scale>0</Scale>
						<Part>RightLeg</Part>
					</Shape>
					<Shape type="d9e621f7-957f-4b77-b1ae-20dcd0da7751" name="Eye">
						<Animation>
							<AnimationAngles>0,0,0</AnimationAngles>
							<AnimationDuration>0,0,0</AnimationDuration>
							<AnimationType>0,0,0</AnimationType>
						</Animation>
						<IsDecorative>False</IsDecorative>
						<IsFixed>False</IsFixed>
						<IsMirrored>False</IsMirrored>
						<Offset>1.25,18,-3.5</Offset>
						<Position>0,0,0</Position>
						<Rotation>0,0,0</Rotation>
						<Size>2,2,2</Size>
						<TextureOffset>32,4</TextureOffset>
						<Scale>0</Scale>
						<Part>LeftLeg</Part>
					</Shape>
					<Shape type="d9e621f7-957f-4b77-b1ae-20dcd0da7751" name="Mouth">
						<Animation>
							<AnimationAngles>0,0,0</AnimationAngles>
							<AnimationDuration>0,0,0</AnimationDuration>
							<AnimationType>0,0,0</AnimationType>
						</Animation>
						<IsDecorative>False</IsDecorative>
						<IsFixed>False</IsFixed>
						<IsMirrored>False</IsMirrored>
						<Offset>0,21,-3.5</Offset>
						<Position>0,0,0</Position>
						<Rotation>0,0,0</Rotation>
						<Size>1,1,1</Size>
						<TextureOffset>32,8</TextureOffset>
						<Scale>0</Scale>
						<Part>Chest</Part>
					</Shape>
				</Folder>
			</Geometry>
			<GlScale>1,1,1</GlScale>
			<Name>Huge Slime</Name>
			<TextureSize>64,32</TextureSize>
		</Model>
	</Models>
	<Name>Huge Slime</Name>
</Techne>