﻿<Techne Version="2.2">
	<Author />
	<DateCreated />
	<Description />
	<Models>
		<Model texture="none.png">
			<BaseClass>ModelBase</BaseClass>
			<Geometry>
				<Folder type="f8bf7d5b-37bf-455b-93f9-b6f9e81620e1" Name="Model">
					<Shape type="d9e621f7-957f-4b77-b1ae-20dcd0da7751" name="Body">
						<Animation>
							<AnimationAngles>0,0,0</AnimationAngles>
							<AnimationDuration>0,0,0</AnimationDuration>
							<AnimationType>0,0,0</AnimationType>
						</Animation>
						<IsDecorative>False</IsDecorative>
						<IsFixed>False</IsFixed>
						<IsMirrored>False</IsMirrored>
						<Offset>-1.5,0,-1</Offset>
						<Position>0,22,-3.5</Position>
						<Rotation>0,0,0</Rotation>
						<Size>3,2,2</Size>
						<TextureOffset>0,0</TextureOffset>
						<Scale>0</Scale>
						<Part>Chest</Part>
					</Shape>
					<Shape type="d9e621f7-957f-4b77-b1ae-20dcd0da7751" name="Body">
						<Animation>
							<AnimationAngles>0,0,0</AnimationAngles>
							<AnimationDuration>0,0,0</AnimationDuration>
							<AnimationType>0,0,0</AnimationType>
						</Animation>
						<IsDecorative>False</IsDecorative>
						<IsFixed>False</IsFixed>
						<IsMirrored>False</IsMirrored>
						<Offset>-2,0,-1</Offset>
						<Position>0,21,-1.5</Position>
						<Rotation>0,0,0</Rotation>
						<Size>4,3,2</Size>
						<TextureOffset>0,4</TextureOffset>
						<Scale>0</Scale>
						<Part>Chest</Part>
					</Shape>
					<Shape type="d9e621f7-957f-4b77-b1ae-20dcd0da7751" name="Body">
						<Animation>
							<AnimationAngles>0,0,0</AnimationAngles>
							<AnimationDuration>0,0,0</AnimationDuration>
							<AnimationType>0,0,0</AnimationType>
						</Animation>
						<IsDecorative>False</IsDecorative>
						<IsFixed>False</IsFixed>
						<IsMirrored>False</IsMirrored>
						<Offset>-3,0,-1.5</Offset>
						<Position>0,20,1</Position>
						<Rotation>0,0,0</Rotation>
						<Size>6,4,3</Size>
						<TextureOffset>0,9</TextureOffset>
						<Scale>0</Scale>
						<Part>Chest</Part>
					</Shape>
					<Shape type="d9e621f7-957f-4b77-b1ae-20dcd0da7751" name="Body">
						<Animation>
							<AnimationAngles>0,0,0</AnimationAngles>
							<AnimationDuration>0,0,0</AnimationDuration>
							<AnimationType>0,0,0</AnimationType>
						</Animation>
						<IsDecorative>False</IsDecorative>
						<IsFixed>False</IsFixed>
						<IsMirrored>False</IsMirrored>
						<Offset>-1.5,0,-1.5</Offset>
						<Position>0,21,4</Position>
						<Rotation>0,0,0</Rotation>
						<Size>3,3,3</Size>
						<TextureOffset>0,16</TextureOffset>
						<Scale>0</Scale>
						<Part>Chest</Part>
					</Shape>
					<Shape type="d9e621f7-957f-4b77-b1ae-20dcd0da7751" name="Body">
						<Animation>
							<AnimationAngles>0,0,0</AnimationAngles>
							<AnimationDuration>0,0,0</AnimationDuration>
							<AnimationType>0,0,0</AnimationType>
						</Animation>
						<IsDecorative>False</IsDecorative>
						<IsFixed>False</IsFixed>
						<IsMirrored>False</IsMirrored>
						<Offset>-1,0,-1.5</Offset>
						<Position>0,22,7</Position>
						<Rotation>0,0,0</Rotation>
						<Size>2,2,3</Size>
						<TextureOffset>0,22</TextureOffset>
						<Scale>0</Scale>
						<Part>Chest</Part>
					</Shape>
					<Shape type="d9e621f7-957f-4b77-b1ae-20dcd0da7751" name="Body">
						<Animation>
							<AnimationAngles>0,0,0</AnimationAngles>
							<AnimationDuration>0,0,0</AnimationDuration>
							<AnimationType>0,0,0</AnimationType>
						</Animation>
						<IsDecorative>False</IsDecorative>
						<IsFixed>False</IsFixed>
						<IsMirrored>False</IsMirrored>
						<Offset>-1,0,-1</Offset>
						<Position>0,23,9.5</Position>
						<Rotation>0,0,0</Rotation>
						<Size>2,1,2</Size>
						<TextureOffset>11,0</TextureOffset>
						<Scale>0</Scale>
						<Part>Chest</Part>
					</Shape>
					<Shape type="d9e621f7-957f-4b77-b1ae-20dcd0da7751" name="Body">
						<Animation>
							<AnimationAngles>0,0,0</AnimationAngles>
							<AnimationDuration>0,0,0</AnimationDuration>
							<AnimationType>0,0,0</AnimationType>
						</Animation>
						<IsDecorative>False</IsDecorative>
						<IsFixed>False</IsFixed>
						<IsMirrored>False</IsMirrored>
						<Offset>-0.5,0,-1</Offset>
						<Position>0,23,11.5</Position>
						<Rotation>0,0,0</Rotation>
						<Size>1,1,2</Size>
						<TextureOffset>13,4</TextureOffset>
						<Scale>0</Scale>
						<Part>Chest</Part>
					</Shape>
					<Shape type="d9e621f7-957f-4b77-b1ae-20dcd0da7751" name="Wings">
						<Animation>
							<AnimationAngles>0,0,0</AnimationAngles>
							<AnimationDuration>0,0,0</AnimationDuration>
							<AnimationType>0,0,0</AnimationType>
						</Animation>
						<IsDecorative>False</IsDecorative>
						<IsFixed>False</IsFixed>
						<IsMirrored>False</IsMirrored>
						<Offset>-5,0,-1.5</Offset>
						<Position>0,16,1</Position>
						<Rotation>0,0,0</Rotation>
						<Size>10,8,3</Size>
						<TextureOffset>20,0</TextureOffset>
						<Scale>0</Scale>
						<Part>Head</Part>
					</Shape>
					<Shape type="d9e621f7-957f-4b77-b1ae-20dcd0da7751" name="Wings">
						<Animation>
							<AnimationAngles>0,0,0</AnimationAngles>
							<AnimationDuration>0,0,0</AnimationDuration>
							<AnimationType>0,0,0</AnimationType>
						</Animation>
						<IsDecorative>False</IsDecorative>
						<IsFixed>False</IsFixed>
						<IsMirrored>False</IsMirrored>
						<Offset>-3,0,-1.5</Offset>
						<Position>0,20,7</Position>
						<Rotation>0,0,0</Rotation>
						<Size>6,4,3</Size>
						<TextureOffset>20,11</TextureOffset>
						<Scale>0</Scale>
						<Part>Head</Part>
					</Shape>
					<Shape type="d9e621f7-957f-4b77-b1ae-20dcd0da7751" name="Wings">
						<Animation>
							<AnimationAngles>0,0,0</AnimationAngles>
							<AnimationDuration>0,0,0</AnimationDuration>
							<AnimationType>0,0,0</AnimationType>
						</Animation>
						<IsDecorative>False</IsDecorative>
						<IsFixed>False</IsFixed>
						<IsMirrored>False</IsMirrored>
						<Offset>-3,0,-1.5</Offset>
						<Position>0,19,-1.5</Position>
						<Rotation>0,0,0</Rotation>
						<Size>6,5,2</Size>
						<TextureOffset>20,18</TextureOffset>
						<Scale>0</Scale>
						<Part>Head</Part>
					</Shape>
				</Folder>
			</Geometry>
			<GlScale>1,1,1</GlScale>
			<Name>Silverfish</Name>
			<TextureSize>64,32</TextureSize>
		</Model>
	</Models>
	<Name>Silverfish</Name>
</Techne>