﻿<Techne Version="2.2">
	<Author />
	<DateCreated />
	<Description />
	<Models>
		<Model texture="none.png">
			<BaseClass>ModelBase</BaseClass>
			<Geometry>
				<Folder type="f8bf7d5b-37bf-455b-93f9-b6f9e81620e1" Name="Model">
					<Shape type="d9e621f7-957f-4b77-b1ae-20dcd0da7751" name="Head">
						<Animation>
							<AnimationAngles>0,0,0</AnimationAngles>
							<AnimationDuration>0,0,0</AnimationDuration>
							<AnimationType>0,0,0</AnimationType>
						</Animation>
						<IsDecorative>False</IsDecorative>
						<IsFixed>False</IsFixed>
						<IsMirrored>False</IsMirrored>
						<Offset>0,0,0</Offset>
						<Position>-4,-4,-6</Position>
						<Rotation>0,0,0</Rotation>
						<Size>8,8,8</Size>
						<TextureOffset>0,0</TextureOffset>
						<Scale>0</Scale>
						<Part>Head</Part>
					</Shape>
					<Shape type="d9e621f7-957f-4b77-b1ae-20dcd0da7751" name="Ear">
						<Animation>
							<AnimationAngles>0,0,0</AnimationAngles>
							<AnimationDuration>0,0,0</AnimationDuration>
							<AnimationType>0,0,0</AnimationType>
						</Animation>
						<IsDecorative>False</IsDecorative>
						<IsFixed>False</IsFixed>
						<IsMirrored>False</IsMirrored>
						<Offset>0,0,0</Offset>
						<Position>-4,-6,-1</Position>
						<Rotation>0,0,0</Rotation>
						<Size>2,2,2</Size>
						<TextureOffset>12,16</TextureOffset>
						<Scale>0</Scale>
						<Part>Helmet</Part>
					</Shape>
					<Shape type="d9e621f7-957f-4b77-b1ae-20dcd0da7751" name="Ear">
						<Animation>
							<AnimationAngles>0,0,0</AnimationAngles>
							<AnimationDuration>0,0,0</AnimationDuration>
							<AnimationType>0,0,0</AnimationType>
						</Animation>
						<IsDecorative>False</IsDecorative>
						<IsFixed>False</IsFixed>
						<IsMirrored>False</IsMirrored>
						<Offset>0,0,0</Offset>
						<Position>2,-6,-1</Position>
						<Rotation>0,0,0</Rotation>
						<Size>2,2,2</Size>
						<TextureOffset>12,16</TextureOffset>
						<Scale>0</Scale>
						<Part>Helmet</Part>
					</Shape>
					<Shape type="d9e621f7-957f-4b77-b1ae-20dcd0da7751" name="Horn">
						<Animation>
							<AnimationAngles>0,0,0</AnimationAngles>
							<AnimationDuration>0,0,0</AnimationDuration>
							<AnimationType>0,0,0</AnimationType>
						</Animation>
						<IsDecorative>False</IsDecorative>
						<IsFixed>False</IsFixed>
						<IsMirrored>False</IsMirrored>
						<Offset>0,0,0</Offset>
						<Position>-0.5,-10,-4</Position>
						<Rotation>28.64789,0,0</Rotation>
						<Size>1,4,1</Size>
						<TextureOffset>56,0</TextureOffset>
						<Scale>0</Scale>
						<Part>Helmet</Part>
					</Shape>
					<Shape type="d9e621f7-957f-4b77-b1ae-20dcd0da7751" name="Hair">
						<Animation>
							<AnimationAngles>0,0,0</AnimationAngles>
							<AnimationDuration>0,0,0</AnimationDuration>
							<AnimationType>0,0,0</AnimationType>
						</Animation>
						<IsDecorative>False</IsDecorative>
						<IsFixed>False</IsFixed>
						<IsMirrored>False</IsMirrored>
						<Offset>0,0,0</Offset>
						<Position>-4,-4,-6</Position>
						<Rotation>0,0,0</Rotation>
						<Size>8,8,8</Size>
						<TextureOffset>32,0</TextureOffset>
						<Scale>0.5</Scale>
						<Part>Helmet</Part>
					</Shape>
					<Shape type="d9e621f7-957f-4b77-b1ae-20dcd0da7751" name="Body.Body">
						<Animation>
							<AnimationAngles>0,0,0</AnimationAngles>
							<AnimationDuration>0,0,0</AnimationDuration>
							<AnimationType>0,0,0</AnimationType>
						</Animation>
						<IsDecorative>False</IsDecorative>
						<IsFixed>False</IsFixed>
						<IsMirrored>False</IsMirrored>
						<Offset>0,0,0</Offset>
						<Position>-4,4,-2</Position>
						<Rotation>0,0,0</Rotation>
						<Size>8,8,4</Size>
						<TextureOffset>16,16</TextureOffset>
						<Scale>0</Scale>
						<Part>Chest</Part>
					</Shape>
					<Shape type="ab894c83-e399-4236-808b-25a78d56f5e1" name="Body.Body">
						<IsMirrored>False</IsMirrored>
						<Offset>0,0,0</Offset>
						<Position>-4,4,2</Position>
						<Rotation>0,0,0</Rotation>
						<Size>0,8,8</Size>
						<TextureOffset>24,0</TextureOffset>
						<Scale>0</Scale>
						<Part>Chest</Part>
						<Side>1</Side>
					</Shape>
					<Shape type="ab894c83-e399-4236-808b-25a78d56f5e1" name="Body.Body">
						<IsMirrored>False</IsMirrored>
						<Offset>0,0,0</Offset>
						<Position>4,4,2</Position>
						<Rotation>0,0,0</Rotation>
						<Size>0,8,8</Size>
						<TextureOffset>24,0</TextureOffset>
						<Scale>0</Scale>
						<Part>Chest</Part>
						<Side>1</Side>
					</Shape>
					<Shape type="ab894c83-e399-4236-808b-25a78d56f5e1" name="Body.Body">
						<IsMirrored>False</IsMirrored>
						<Offset>0,0,0</Offset>
						<Position>-4,4,2</Position>
						<Rotation>0,0,0</Rotation>
						<Size>8,0,8</Size>
						<TextureOffset>24,0</TextureOffset>
						<Scale>0</Scale>
						<Part>Chest</Part>
						<Side>2</Side>
					</Shape>
					<Shape type="ab894c83-e399-4236-808b-25a78d56f5e1" name="Body.Body">
						<IsMirrored>False</IsMirrored>
						<Offset>0,0,0</Offset>
						<Position>-4,12,2</Position>
						<Rotation>0,0,0</Rotation>
						<Size>8,0,8</Size>
						<TextureOffset>24,0</TextureOffset>
						<Scale>0</Scale>
						<Part>Chest</Part>
						<Side>2</Side>
					</Shape>
					<Shape type="ab894c83-e399-4236-808b-25a78d56f5e1" name="Body.Cutie Mark">
						<IsMirrored>False</IsMirrored>
						<Offset>0,0,0</Offset>
						<Position>-4,4,10</Position>
						<Rotation>0,0,0</Rotation>
						<Size>0,8,4</Size>
						<TextureOffset>0,20</TextureOffset>
						<Scale>0</Scale>
						<Part>Chest</Part>
						<Side>1</Side>
					</Shape>
					<Shape type="ab894c83-e399-4236-808b-25a78d56f5e1" name="Body.Body">
						<IsMirrored>False</IsMirrored>
						<Offset>0,0,0</Offset>
						<Position>4,4,10</Position>
						<Rotation>0,0,0</Rotation>
						<Size>0,8,4</Size>
						<TextureOffset>0,20</TextureOffset>
						<Scale>0</Scale>
						<Part>Chest</Part>
						<Side>1</Side>
					</Shape>
					<Shape type="ab894c83-e399-4236-808b-25a78d56f5e1" name="Body.Body">
						<IsMirrored>False</IsMirrored>
						<Offset>0,0,0</Offset>
						<Position>-4,4,10</Position>
						<Rotation>0,0,0</Rotation>
						<Size>8,0,4</Size>
						<TextureOffset>24,0</TextureOffset>
						<Scale>0</Scale>
						<Part>Chest</Part>
						<Side>2</Side>
					</Shape>
					<Shape type="ab894c83-e399-4236-808b-25a78d56f5e1" name="Body.Body">
						<IsMirrored>False</IsMirrored>
						<Offset>0,0,0</Offset>
						<Position>-4,12,10</Position>
						<Rotation>0,0,0</Rotation>
						<Size>8,0,4</Size>
						<TextureOffset>24,0</TextureOffset>
						<Scale>0</Scale>
						<Part>Chest</Part>
						<Side>2</Side>
					</Shape>
					<Shape type="ab894c83-e399-4236-808b-25a78d56f5e1" name="Body.Body">
						<IsMirrored>False</IsMirrored>
						<Offset>0,0,0</Offset>
						<Position>-4,4,14</Position>
						<Rotation>0,0,0</Rotation>
						<Size>8,8,0</Size>
						<TextureOffset>24,0</TextureOffset>
						<Scale>0</Scale>
						<Part>Chest</Part>
						<Side>0</Side>
					</Shape>
					<Shape type="ab894c83-e399-4236-808b-25a78d56f5e1" name="Body.Body">
						<IsMirrored>False</IsMirrored>
						<Offset>0,0,0</Offset>
						<Position>-1,10,8</Position>
						<Rotation>28.64789,0,0</Rotation>
						<Size>2,0,6</Size>
						<TextureOffset>32,0</TextureOffset>
						<Scale>0</Scale>
						<Part>Chest</Part>
						<Side>2</Side>
					</Shape>
					<Shape type="ab894c83-e399-4236-808b-25a78d56f5e1" name="Body.Body">
						<IsMirrored>False</IsMirrored>
						<Offset>0,0,0</Offset>
						<Position>-1,12,8</Position>
						<Rotation>28.64789,0,0</Rotation>
						<Size>2,0,6</Size>
						<TextureOffset>32,0</TextureOffset>
						<Scale>0</Scale>
						<Part>Chest</Part>
						<Side>2</Side>
					</Shape>
					<Shape type="ab894c83-e399-4236-808b-25a78d56f5e1" name="Body.Body">
						<IsMirrored>True</IsMirrored>
						<Offset>0,0,0</Offset>
						<Position>-1,10,8</Position>
						<Rotation>28.64789,0,0</Rotation>
						<Size>0,2,6</Size>
						<TextureOffset>32,0</TextureOffset>
						<Scale>0</Scale>
						<Part>Chest</Part>
						<Side>1</Side>
					</Shape>
					<Shape type="ab894c83-e399-4236-808b-25a78d56f5e1" name="Body.Body">
						<IsMirrored>False</IsMirrored>
						<Offset>0,0,0</Offset>
						<Position>1,10,8</Position>
						<Rotation>28.64789,0,0</Rotation>
						<Size>0,2,6</Size>
						<TextureOffset>32,0</TextureOffset>
						<Scale>0</Scale>
						<Part>Chest</Part>
						<Side>1</Side>
					</Shape>
					<Shape type="d9e621f7-957f-4b77-b1ae-20dcd0da7751" name="Right Arm">
						<Animation>
							<AnimationAngles>0,0,0</AnimationAngles>
							<AnimationDuration>0,0,0</AnimationDuration>
							<AnimationType>0,0,0</AnimationType>
						</Animation>
						<IsDecorative>False</IsDecorative>
						<IsFixed>False</IsFixed>
						<IsMirrored>False</IsMirrored>
						<Offset>-2,8,1</Offset>
						<Position>-2,4,-2</Position>
						<Rotation>0,0,0</Rotation>
						<Size>4,12,4</Size>
						<TextureOffset>40,16</TextureOffset>
						<Scale>0</Scale>
						<Part>RightArm</Part>
					</Shape>
					<Shape type="d9e621f7-957f-4b77-b1ae-20dcd0da7751" name="Left Arm">
						<Animation>
							<AnimationAngles>0,0,0</AnimationAngles>
							<AnimationDuration>0,0,0</AnimationDuration>
							<AnimationType>0,0,0</AnimationType>
						</Animation>
						<IsDecorative>False</IsDecorative>
						<IsFixed>False</IsFixed>
						<IsMirrored>True</IsMirrored>
						<Offset>2,8,1</Offset>
						<Position>-2,4,-2</Position>
						<Rotation>0,0,0</Rotation>
						<Size>4,12,4</Size>
						<TextureOffset>40,16</TextureOffset>
						<Scale>0</Scale>
						<Part>LeftArm</Part>
					</Shape>
					<Shape type="d9e621f7-957f-4b77-b1ae-20dcd0da7751" name="Right Leg">
						<Animation>
							<AnimationAngles>0,0,0</AnimationAngles>
							<AnimationDuration>0,0,0</AnimationDuration>
							<AnimationType>0,0,0</AnimationType>
						</Animation>
						<IsDecorative>False</IsDecorative>
						<IsFixed>False</IsFixed>
						<IsMirrored>False</IsMirrored>
						<Offset>-2,8,10</Offset>
						<Position>-2,4,-2</Position>
						<Rotation>0,0,0</Rotation>
						<Size>4,12,4</Size>
						<TextureOffset>40,16</TextureOffset>
						<Scale>0</Scale>
						<Part>RightLeg</Part>
					</Shape>
					<Shape type="d9e621f7-957f-4b77-b1ae-20dcd0da7751" name="Left Leg">
						<Animation>
							<AnimationAngles>0,0,0</AnimationAngles>
							<AnimationDuration>0,0,0</AnimationDuration>
							<AnimationType>0,0,0</AnimationType>
						</Animation>
						<IsDecorative>False</IsDecorative>
						<IsFixed>False</IsFixed>
						<IsMirrored>True</IsMirrored>
						<Offset>2,8,10</Offset>
						<Position>-2,4,-2</Position>
						<Rotation>0,0,0</Rotation>
						<Size>4,12,4</Size>
						<TextureOffset>40,16</TextureOffset>
						<Scale>0</Scale>
						<Part>LeftLeg</Part>
					</Shape>
					<Shape type="ab894c83-e399-4236-808b-25a78d56f5e1" name="Tail.Tail">
						<IsMirrored>False</IsMirrored>
						<Offset>0,1,14</Offset>
						<Position>-2,1,2</Position>
						<Rotation>0,0,0</Rotation>
						<Size>4,0,4</Size>
						<TextureOffset>32,0</TextureOffset>
						<Scale>0</Scale>
						<Part>None</Part>
						<Side>2</Side>
					</Shape>
					<Shape type="ab894c83-e399-4236-808b-25a78d56f5e1" name="Tail.Tail">
						<IsMirrored>False</IsMirrored>
						<Offset>0,1,14</Offset>
						<Position>-2,17,2</Position>
						<Rotation>0,0,0</Rotation>
						<Size>4,0,4</Size>
						<TextureOffset>32,0</TextureOffset>
						<Scale>0</Scale>
						<Part>None</Part>
						<Side>2</Side>
					</Shape>
					<Shape type="ab894c83-e399-4236-808b-25a78d56f5e1" name="Tail.Tail">
						<IsMirrored>False</IsMirrored>
						<Offset>0,1,14</Offset>
						<Position>-2,1,2</Position>
						<Rotation>0,0,0</Rotation>
						<Size>4,8,0</Size>
						<TextureOffset>32,0</TextureOffset>
						<Scale>0</Scale>
						<Part>None</Part>
						<Side>0</Side>
					</Shape>
					<Shape type="ab894c83-e399-4236-808b-25a78d56f5e1" name="Tail.Tail">
						<IsMirrored>False</IsMirrored>
						<Offset>0,1,14</Offset>
						<Position>-2,1,6</Position>
						<Rotation>0,0,0</Rotation>
						<Size>4,8,0</Size>
						<TextureOffset>32,0</TextureOffset>
						<Scale>0</Scale>
						<Part>None</Part>
						<Side>0</Side>
					</Shape>
					<Shape type="ab894c83-e399-4236-808b-25a78d56f5e1" name="Tail.Tail">
						<IsMirrored>False</IsMirrored>
						<Offset>0,1,14</Offset>
						<Position>-2,9,2</Position>
						<Rotation>0,0,0</Rotation>
						<Size>4,8,0</Size>
						<TextureOffset>32,0</TextureOffset>
						<Scale>0</Scale>
						<Part>None</Part>
						<Side>0</Side>
					</Shape>
					<Shape type="ab894c83-e399-4236-808b-25a78d56f5e1" name="Tail.Tail">
						<IsMirrored>False</IsMirrored>
						<Offset>0,1,14</Offset>
						<Position>-2,9,6</Position>
						<Rotation>0,0,0</Rotation>
						<Size>4,8,0</Size>
						<TextureOffset>32,0</TextureOffset>
						<Scale>0</Scale>
						<Part>None</Part>
						<Side>0</Side>
					</Shape>
					<Shape type="ab894c83-e399-4236-808b-25a78d56f5e1" name="Tail.Tail">
						<IsMirrored>True</IsMirrored>
						<Offset>0,1,14</Offset>
						<Position>2,1,2</Position>
						<Rotation>0,0,0</Rotation>
						<Size>0,8,4</Size>
						<TextureOffset>36,0</TextureOffset>
						<Scale>0</Scale>
						<Part>None</Part>
						<Side>1</Side>
					</Shape>
					<Shape type="ab894c83-e399-4236-808b-25a78d56f5e1" name="Tail.Tail">
						<IsMirrored>False</IsMirrored>
						<Offset>0,1,14</Offset>
						<Position>-2,1,2</Position>
						<Rotation>0,0,0</Rotation>
						<Size>0,8,4</Size>
						<TextureOffset>36,0</TextureOffset>
						<Scale>0</Scale>
						<Part>None</Part>
						<Side>1</Side>
					</Shape>
					<Shape type="ab894c83-e399-4236-808b-25a78d56f5e1" name="Tail.Tail">
						<IsMirrored>True</IsMirrored>
						<Offset>0,1,14</Offset>
						<Position>2,9,2</Position>
						<Rotation>0,0,0</Rotation>
						<Size>0,8,4</Size>
						<TextureOffset>36,0</TextureOffset>
						<Scale>0</Scale>
						<Part>None</Part>
						<Side>1</Side>
					</Shape>
					<Shape type="ab894c83-e399-4236-808b-25a78d56f5e1" name="Tail.Tail">
						<IsMirrored>False</IsMirrored>
						<Offset>0,1,14</Offset>
						<Position>-2,9,2</Position>
						<Rotation>0,0,0</Rotation>
						<Size>0,8,4</Size>
						<TextureOffset>36,0</TextureOffset>
						<Scale>0</Scale>
						<Part>None</Part>
						<Side>1</Side>
					</Shape>
					<Shape type="d9e621f7-957f-4b77-b1ae-20dcd0da7751" name="Wings.Folded.Left Wing.Left Wing">
						<Animation>
							<AnimationAngles>0,0,0</AnimationAngles>
							<AnimationDuration>0,0,0</AnimationDuration>
							<AnimationType>0,0,0</AnimationType>
						</Animation>
						<IsDecorative>False</IsDecorative>
						<IsFixed>False</IsFixed>
						<IsMirrored>True</IsMirrored>
						<Offset>0,13,-3</Offset>
						<Position>4,5,2</Position>
						<Rotation>90,0,0</Rotation>
						<Size>2,6,2</Size>
						<TextureOffset>56,16</TextureOffset>
						<Scale>0</Scale>
						<Part>None</Part>
					</Shape>
					<Shape type="d9e621f7-957f-4b77-b1ae-20dcd0da7751" name="Wings.Folded.Left Wing.Left Wing">
						<Animation>
							<AnimationAngles>0,0,0</AnimationAngles>
							<AnimationDuration>0,0,0</AnimationDuration>
							<AnimationType>0,0,0</AnimationType>
						</Animation>
						<IsDecorative>False</IsDecorative>
						<IsFixed>False</IsFixed>
						<IsMirrored>True</IsMirrored>
						<Offset>0,13,-3</Offset>
						<Position>4,5,4</Position>
						<Rotation>90,0,0</Rotation>
						<Size>2,8,2</Size>
						<TextureOffset>56,16</TextureOffset>
						<Scale>0</Scale>
						<Part>None</Part>
					</Shape>
					<Shape type="d9e621f7-957f-4b77-b1ae-20dcd0da7751" name="Wings.Folded.Left Wing.Left Wing">
						<Animation>
							<AnimationAngles>0,0,0</AnimationAngles>
							<AnimationDuration>0,0,0</AnimationDuration>
							<AnimationType>0,0,0</AnimationType>
						</Animation>
						<IsDecorative>False</IsDecorative>
						<IsFixed>False</IsFixed>
						<IsMirrored>True</IsMirrored>
						<Offset>0,13,-3</Offset>
						<Position>4,5,6</Position>
						<Rotation>90,0,0</Rotation>
						<Size>2,6,2</Size>
						<TextureOffset>56,16</TextureOffset>
						<Scale>0</Scale>
						<Part>None</Part>
					</Shape>
					<Shape type="d9e621f7-957f-4b77-b1ae-20dcd0da7751" name="Wings.Folded.Right Wing.Right Wing">
						<Animation>
							<AnimationAngles>0,0,0</AnimationAngles>
							<AnimationDuration>0,0,0</AnimationDuration>
							<AnimationType>0,0,0</AnimationType>
						</Animation>
						<IsDecorative>False</IsDecorative>
						<IsFixed>False</IsFixed>
						<IsMirrored>False</IsMirrored>
						<Offset>0,13,-3</Offset>
						<Position>-6,5,2</Position>
						<Rotation>90,0,0</Rotation>
						<Size>2,6,2</Size>
						<TextureOffset>56,16</TextureOffset>
						<Scale>0</Scale>
						<Part>None</Part>
					</Shape>
					<Shape type="d9e621f7-957f-4b77-b1ae-20dcd0da7751" name="Wings.Folded.Right Wing.Right Wing">
						<Animation>
							<AnimationAngles>0,0,0</AnimationAngles>
							<AnimationDuration>0,0,0</AnimationDuration>
							<AnimationType>0,0,0</AnimationType>
						</Animation>
						<IsDecorative>False</IsDecorative>
						<IsFixed>False</IsFixed>
						<IsMirrored>False</IsMirrored>
						<Offset>0,13,-3</Offset>
						<Position>-6,5,4</Position>
						<Rotation>90,0,0</Rotation>
						<Size>2,8,2</Size>
						<TextureOffset>56,16</TextureOffset>
						<Scale>0</Scale>
						<Part>None</Part>
					</Shape>
					<Shape type="d9e621f7-957f-4b77-b1ae-20dcd0da7751" name="Wings.Folded.Right Wing.Right Wing">
						<Animation>
							<AnimationAngles>0,0,0</AnimationAngles>
							<AnimationDuration>0,0,0</AnimationDuration>
							<AnimationType>0,0,0</AnimationType>
						</Animation>
						<IsDecorative>False</IsDecorative>
						<IsFixed>False</IsFixed>
						<IsMirrored>False</IsMirrored>
						<Offset>0,13,-3</Offset>
						<Position>-6,5,6</Position>
						<Rotation>90,0,0</Rotation>
						<Size>2,6,2</Size>
						<TextureOffset>56,16</TextureOffset>
						<Scale>0</Scale>
						<Part>None</Part>
					</Shape>
					<Shape type="d9e621f7-957f-4b77-b1ae-20dcd0da7751" name="Wings.Extended.Left Wing Extended.Left Wing Extended">
						<Animation>
							<AnimationAngles>0,0,0</AnimationAngles>
							<AnimationDuration>0,0,0</AnimationDuration>
							<AnimationType>0,0,0</AnimationType>
						</Animation>
						<IsDecorative>False</IsDecorative>
						<IsFixed>False</IsFixed>
						<IsMirrored>True</IsMirrored>
						<Offset>4.5,5,6</Offset>
						<Position>0,0,0</Position>
						<Rotation>0,0,0</Rotation>
						<Size>1,8,2</Size>
						<TextureOffset>56,19</TextureOffset>
						<Scale>0.1</Scale>
						<Part>None</Part>
					</Shape>
					<Shape type="d9e621f7-957f-4b77-b1ae-20dcd0da7751" name="Wings.Extended.Left Wing Extended.Left Wing Extended">
						<Animation>
							<AnimationAngles>0,0,0</AnimationAngles>
							<AnimationDuration>0,0,0</AnimationDuration>
							<AnimationType>0,0,0</AnimationType>
						</Animation>
						<IsDecorative>False</IsDecorative>
						<IsFixed>False</IsFixed>
						<IsMirrored>True</IsMirrored>
						<Offset>4.5,5,6</Offset>
						<Position>0,8,0</Position>
						<Rotation>0,0,0</Rotation>
						<Size>1,6,2</Size>
						<TextureOffset>56,19</TextureOffset>
						<Scale>0.1</Scale>
						<Part>None</Part>
					</Shape>
					<Shape type="d9e621f7-957f-4b77-b1ae-20dcd0da7751" name="Wings.Extended.Left Wing Extended.Left Wing Extended">
						<Animation>
							<AnimationAngles>0,0,0</AnimationAngles>
							<AnimationDuration>0,0,0</AnimationDuration>
							<AnimationType>0,0,0</AnimationType>
						</Animation>
						<IsDecorative>False</IsDecorative>
						<IsFixed>False</IsFixed>
						<IsMirrored>True</IsMirrored>
						<Offset>4.5,5,6</Offset>
						<Position>0,-1.2,-0.2</Position>
						<Rotation>-48.70141,0,0</Rotation>
						<Size>1,8,2</Size>
						<TextureOffset>56,19</TextureOffset>
						<Scale>-0.2</Scale>
						<Part>None</Part>
					</Shape>
					<Shape type="d9e621f7-957f-4b77-b1ae-20dcd0da7751" name="Wings.Extended.Left Wing Extended.Left Wing Extended">
						<Animation>
							<AnimationAngles>0,0,0</AnimationAngles>
							<AnimationDuration>0,0,0</AnimationDuration>
							<AnimationType>0,0,0</AnimationType>
						</Animation>
						<IsDecorative>False</IsDecorative>
						<IsFixed>False</IsFixed>
						<IsMirrored>True</IsMirrored>
						<Offset>4.5,5,6</Offset>
						<Position>0,1.8,1.3</Position>
						<Rotation>-42.97183,0,0</Rotation>
						<Size>1,8,2</Size>
						<TextureOffset>56,19</TextureOffset>
						<Scale>-0.1</Scale>
						<Part>None</Part>
					</Shape>
					<Shape type="d9e621f7-957f-4b77-b1ae-20dcd0da7751" name="Wings.Extended.Left Wing Extended.Left Wing Extended">
						<Animation>
							<AnimationAngles>0,0,0</AnimationAngles>
							<AnimationDuration>0,0,0</AnimationDuration>
							<AnimationType>0,0,0</AnimationType>
						</Animation>
						<IsDecorative>False</IsDecorative>
						<IsFixed>False</IsFixed>
						<IsMirrored>True</IsMirrored>
						<Offset>4.5,5,6</Offset>
						<Position>0,5,2</Position>
						<Rotation>-28.64789,0,0</Rotation>
						<Size>1,8,2</Size>
						<TextureOffset>56,19</TextureOffset>
						<Scale>0</Scale>
						<Part>None</Part>
					</Shape>
					<Shape type="d9e621f7-957f-4b77-b1ae-20dcd0da7751" name="Wings.Extended.Left Wing Extended.Left Wing Extended">
						<Animation>
							<AnimationAngles>0,0,0</AnimationAngles>
							<AnimationDuration>0,0,0</AnimationDuration>
							<AnimationType>0,0,0</AnimationType>
						</Animation>
						<IsDecorative>False</IsDecorative>
						<IsFixed>False</IsFixed>
						<IsMirrored>True</IsMirrored>
						<Offset>4.5,5,6</Offset>
						<Position>0,0,-0.2</Position>
						<Rotation>0,0,0</Rotation>
						<Size>1,6,2</Size>
						<TextureOffset>56,19</TextureOffset>
						<Scale>0.3</Scale>
						<Part>None</Part>
					</Shape>
					<Shape type="d9e621f7-957f-4b77-b1ae-20dcd0da7751" name="Wings.Extended.Left Wing Extended.Left Wing Extended">
						<Animation>
							<AnimationAngles>0,0,0</AnimationAngles>
							<AnimationDuration>0,0,0</AnimationDuration>
							<AnimationType>0,0,0</AnimationType>
						</Animation>
						<IsDecorative>False</IsDecorative>
						<IsFixed>False</IsFixed>
						<IsMirrored>True</IsMirrored>
						<Offset>4.5,5,6</Offset>
						<Position>0,0,0.2</Position>
						<Rotation>-48.70141,0,0</Rotation>
						<Size>1,3,2</Size>
						<TextureOffset>56,19</TextureOffset>
						<Scale>0.2</Scale>
						<Part>None</Part>
					</Shape>
					<Shape type="d9e621f7-957f-4b77-b1ae-20dcd0da7751" name="Wings.Extended.Right Wing Extended.Right Wing Extended">
						<Animation>
							<AnimationAngles>0,0,0</AnimationAngles>
							<AnimationDuration>0,0,0</AnimationDuration>
							<AnimationType>0,0,0</AnimationType>
						</Animation>
						<IsDecorative>False</IsDecorative>
						<IsFixed>False</IsFixed>
						<IsMirrored>True</IsMirrored>
						<Offset>-5.5,5,6</Offset>
						<Position>0,0,0</Position>
						<Rotation>0,0,0</Rotation>
						<Size>1,8,2</Size>
						<TextureOffset>56,19</TextureOffset>
						<Scale>0.1</Scale>
						<Part>None</Part>
					</Shape>
					<Shape type="d9e621f7-957f-4b77-b1ae-20dcd0da7751" name="Wings.Extended.Right Wing Extended.Right Wing Extended">
						<Animation>
							<AnimationAngles>0,0,0</AnimationAngles>
							<AnimationDuration>0,0,0</AnimationDuration>
							<AnimationType>0,0,0</AnimationType>
						</Animation>
						<IsDecorative>False</IsDecorative>
						<IsFixed>False</IsFixed>
						<IsMirrored>True</IsMirrored>
						<Offset>-5.5,5,6</Offset>
						<Position>0,8,0</Position>
						<Rotation>0,0,0</Rotation>
						<Size>1,6,2</Size>
						<TextureOffset>56,19</TextureOffset>
						<Scale>0.1</Scale>
						<Part>None</Part>
					</Shape>
					<Shape type="d9e621f7-957f-4b77-b1ae-20dcd0da7751" name="Wings.Extended.Right Wing Extended.Right Wing Extended">
						<Animation>
							<AnimationAngles>0,0,0</AnimationAngles>
							<AnimationDuration>0,0,0</AnimationDuration>
							<AnimationType>0,0,0</AnimationType>
						</Animation>
						<IsDecorative>False</IsDecorative>
						<IsFixed>False</IsFixed>
						<IsMirrored>True</IsMirrored>
						<Offset>-5.5,5,6</Offset>
						<Position>0,-1.2,-0.2</Position>
						<Rotation>-48.70141,0,0</Rotation>
						<Size>1,8,2</Size>
						<TextureOffset>56,19</TextureOffset>
						<Scale>-0.2</Scale>
						<Part>None</Part>
					</Shape>
					<Shape type="d9e621f7-957f-4b77-b1ae-20dcd0da7751" name="Wings.Extended.Right Wing Extended.Right Wing Extended">
						<Animation>
							<AnimationAngles>0,0,0</AnimationAngles>
							<AnimationDuration>0,0,0</AnimationDuration>
							<AnimationType>0,0,0</AnimationType>
						</Animation>
						<IsDecorative>False</IsDecorative>
						<IsFixed>False</IsFixed>
						<IsMirrored>True</IsMirrored>
						<Offset>-5.5,5,6</Offset>
						<Position>0,1.8,1.3</Position>
						<Rotation>-42.97183,0,0</Rotation>
						<Size>1,8,2</Size>
						<TextureOffset>56,19</TextureOffset>
						<Scale>-0.1</Scale>
						<Part>None</Part>
					</Shape>
					<Shape type="d9e621f7-957f-4b77-b1ae-20dcd0da7751" name="Wings.Extended.Right Wing Extended.Right Wing Extended">
						<Animation>
							<AnimationAngles>0,0,0</AnimationAngles>
							<AnimationDuration>0,0,0</AnimationDuration>
							<AnimationType>0,0,0</AnimationType>
						</Animation>
						<IsDecorative>False</IsDecorative>
						<IsFixed>False</IsFixed>
						<IsMirrored>True</IsMirrored>
						<Offset>-5.5,5,6</Offset>
						<Position>0,5,2</Position>
						<Rotation>-28.64789,0,0</Rotation>
						<Size>1,8,2</Size>
						<TextureOffset>56,19</TextureOffset>
						<Scale>0</Scale>
						<Part>None</Part>
					</Shape>
					<Shape type="d9e621f7-957f-4b77-b1ae-20dcd0da7751" name="Wings.Extended.Right Wing Extended.Right Wing Extended">
						<Animation>
							<AnimationAngles>0,0,0</AnimationAngles>
							<AnimationDuration>0,0,0</AnimationDuration>
							<AnimationType>0,0,0</AnimationType>
						</Animation>
						<IsDecorative>False</IsDecorative>
						<IsFixed>False</IsFixed>
						<IsMirrored>True</IsMirrored>
						<Offset>-5.5,5,6</Offset>
						<Position>0,0,-0.2</Position>
						<Rotation>0,0,0</Rotation>
						<Size>1,6,2</Size>
						<TextureOffset>56,19</TextureOffset>
						<Scale>0.3</Scale>
						<Part>None</Part>
					</Shape>
					<Shape type="d9e621f7-957f-4b77-b1ae-20dcd0da7751" name="Wings.Extended.Right Wing Extended.Right Wing Extended">
						<Animation>
							<AnimationAngles>0,0,0</AnimationAngles>
							<AnimationDuration>0,0,0</AnimationDuration>
							<AnimationType>0,0,0</AnimationType>
						</Animation>
						<IsDecorative>False</IsDecorative>
						<IsFixed>False</IsFixed>
						<IsMirrored>True</IsMirrored>
						<Offset>-5.5,5,6</Offset>
						<Position>0,0,0.2</Position>
						<Rotation>-48.70141,0,0</Rotation>
						<Size>1,3,2</Size>
						<TextureOffset>56,19</TextureOffset>
						<Scale>0.2</Scale>
						<Part>None</Part>
					</Shape>
				</Folder>
			</Geometry>
			<GlScale>1,1,1</GlScale>
			<Name>Pony</Name>
			<TextureSize>64,32</TextureSize>
		</Model>
	</Models>
	<Name>Pony</Name>
</Techne>