﻿<Techne Version="2.2">
	<Author />
	<DateCreated />
	<Description />
	<Models>
		<Model texture="none.png">
			<BaseClass>ModelBase</BaseClass>
			<Geometry>
				<Folder type="f8bf7d5b-37bf-455b-93f9-b6f9e81620e1" Name="Model">
					<Shape type="d9e621f7-957f-4b77-b1ae-20dcd0da7751" name="Head">
						<Animation>
							<AnimationAngles>0,0,0</AnimationAngles>
							<AnimationDuration>0,0,0</AnimationDuration>
							<AnimationType>0,0,0</AnimationType>
						</Animation>
						<IsDecorative>False</IsDecorative>
						<IsFixed>False</IsFixed>
						<IsMirrored>False</IsMirrored>
						<IsSolid>True</IsSolid>
						<Offset>-4,-8,-4</Offset>
						<Position>0,0,0</Position>
						<Rotation>0,0,0</Rotation>
						<Size>8,8,8</Size>
						<TextureOffset>0,0</TextureOffset>
						<Scale>0</Scale>
						<Part>Head</Part>
					</Shape>
					<Shape type="d9e621f7-957f-4b77-b1ae-20dcd0da7751" name="Head Armor">
						<Animation>
							<AnimationAngles>0,0,0</AnimationAngles>
							<AnimationDuration>0,0,0</AnimationDuration>
							<AnimationType>0,0,0</AnimationType>
						</Animation>
						<IsDecorative>False</IsDecorative>
						<IsFixed>False</IsFixed>
						<IsMirrored>False</IsMirrored>
						<Offset>-4,-8,-4</Offset>
						<Position>0,0,0</Position>
						<Rotation>0,0,0</Rotation>
						<Size>8,8,8</Size>
						<TextureOffset>32,0</TextureOffset>
						<Scale>0.5</Scale>
						<Part>Helmet</Part>
					</Shape>
				  <Shape type="d9e621f7-957f-4b77-b1ae-20dcd0da7751" name="Body">
					<Animation>
					  <AnimationAngles>0,0,0</AnimationAngles>
					  <AnimationDuration>0,0,0</AnimationDuration>
					  <AnimationType>0,0,0</AnimationType>
					</Animation>
					<IsDecorative>False</IsDecorative>
					<IsFixed>False</IsFixed>
					<IsMirrored>False</IsMirrored>
					<IsSolid>True</IsSolid>
					<Offset>-4,0,-2</Offset>
					<Position>0,0,0</Position>
					<Rotation>0,0,0</Rotation>
					<Size>8,12,4</Size>
					<TextureOffset>16,16</TextureOffset>
					<Scale>0</Scale>
					<Part>Chest</Part>
				  </Shape>
				  <Shape type="d9e621f7-957f-4b77-b1ae-20dcd0da7751" name="Body Armor">
					<Animation>
					  <AnimationAngles>0,0,0</AnimationAngles>
					  <AnimationDuration>0,0,0</AnimationDuration>
					  <AnimationType>0,0,0</AnimationType>
					</Animation>
					<IsDecorative>False</IsDecorative>
					<IsFixed>False</IsFixed>
					<IsMirrored>False</IsMirrored>
					<Offset>-4,0,-2</Offset>
					<Position>0,0,0</Position>
					<Rotation>0,0,0</Rotation>
					<Size>8,12,4</Size>
					<TextureOffset>16,32</TextureOffset>
					<Scale>0.5</Scale>
					<Part>ChestArmor</Part>
				  </Shape>
				  <Shape type="d9e621f7-957f-4b77-b1ae-20dcd0da7751" name="Right Arm">
					<Animation>
					  <AnimationAngles>0,0,0</AnimationAngles>
					  <AnimationDuration>0,0,0</AnimationDuration>
					  <AnimationType>0,0,0</AnimationType>
					</Animation>
					<IsDecorative>False</IsDecorative>
					<IsFixed>False</IsFixed>
					<IsMirrored>False</IsMirrored>
					<IsSolid>True</IsSolid>
					<Offset>-3,-2,-2</Offset>
					<Position>-4,2,0</Position>
					<Rotation>0,0,0</Rotation>
					<Size>3,12,4</Size>
					<TextureOffset>40,16</TextureOffset>
					<Scale>0</Scale>
					<Part>RightArm</Part>
				  </Shape>
				  <Shape type="d9e621f7-957f-4b77-b1ae-20dcd0da7751" name="Right Arm Armor">
					<Animation>
					  <AnimationAngles>0,0,0</AnimationAngles>
					  <AnimationDuration>0,0,0</AnimationDuration>
					  <AnimationType>0,0,0</AnimationType>
					</Animation>
					<IsDecorative>False</IsDecorative>
					<IsFixed>False</IsFixed>
					<IsMirrored>False</IsMirrored>
					<Offset>-3,-2,-2</Offset>
					<Position>-4,2,0</Position>
					<Rotation>0,0,0</Rotation>
					<Size>3,12,4</Size>
					<TextureOffset>40,32</TextureOffset>
					<Scale>0.5</Scale>
					<Part>RightArmArmor</Part>
				  </Shape>
				  <Shape type="d9e621f7-957f-4b77-b1ae-20dcd0da7751" name="Left Arm">
					<Animation>
					  <AnimationAngles>0,0,0</AnimationAngles>
					  <AnimationDuration>0,0,0</AnimationDuration>
					  <AnimationType>0,0,0</AnimationType>
					</Animation>
					<IsDecorative>False</IsDecorative>
					<IsFixed>False</IsFixed>
					<IsMirrored>False</IsMirrored>
					<IsSolid>True</IsSolid>
					<Offset>-1,-2,-2</Offset>
					<Position>5,2,0</Position>
					<Rotation>0,0,0</Rotation>
					<Size>3,12,4</Size>
					<TextureOffset>32,48</TextureOffset>
					<Scale>0</Scale>
					<Part>LeftArm</Part>
				  </Shape>
				  <Shape type="d9e621f7-957f-4b77-b1ae-20dcd0da7751" name="Left Arm Armor">
					<Animation>
					  <AnimationAngles>0,0,0</AnimationAngles>
					  <AnimationDuration>0,0,0</AnimationDuration>
					  <AnimationType>0,0,0</AnimationType>
					</Animation>
					<IsDecorative>False</IsDecorative>
					<IsFixed>False</IsFixed>
					<IsMirrored>False</IsMirrored>
					<Offset>-1,-2,-2</Offset>
					<Position>5,2,0</Position>
					<Rotation>0,0,0</Rotation>
					<Size>3,12,4</Size>
					<TextureOffset>48,48</TextureOffset>
					<Scale>0.5</Scale>
					<Part>LeftArmArmor</Part>
				  </Shape>
				  <Shape type="d9e621f7-957f-4b77-b1ae-20dcd0da7751" name="Right Leg">
					<Animation>
					  <AnimationAngles>0,0,0</AnimationAngles>
					  <AnimationDuration>0,0,0</AnimationDuration>
					  <AnimationType>0,0,0</AnimationType>
					</Animation>
					<IsDecorative>False</IsDecorative>
					<IsFixed>False</IsFixed>
					<IsMirrored>False</IsMirrored>
					<IsSolid>True</IsSolid>
					<Offset>-2,0,-2</Offset>
					<Position>-2,12,0</Position>
					<Rotation>0,0,0</Rotation>
					<Size>4,12,4</Size>
					<TextureOffset>0,16</TextureOffset>
					<Scale>0</Scale>
					<Part>RightLeg</Part>
				  </Shape>
				  <Shape type="d9e621f7-957f-4b77-b1ae-20dcd0da7751" name="Right Leg Armor">
					<Animation>
					  <AnimationAngles>0,0,0</AnimationAngles>
					  <AnimationDuration>0,0,0</AnimationDuration>
					  <AnimationType>0,0,0</AnimationType>
					</Animation>
					<IsDecorative>False</IsDecorative>
					<IsFixed>False</IsFixed>
					<IsMirrored>False</IsMirrored>
					<Offset>-2,0,-2</Offset>
					<Position>-2,12,0</Position>
					<Rotation>0,0,0</Rotation>
					<Size>4,12,4</Size>
					<TextureOffset>0,32</TextureOffset>
					<Scale>0.5</Scale>
					<Part>RightLegArmor</Part>
				  </Shape>
				  <Shape type="d9e621f7-957f-4b77-b1ae-20dcd0da7751" name="Left Leg">
					<Animation>
					  <AnimationAngles>0,0,0</AnimationAngles>
					  <AnimationDuration>0,0,0</AnimationDuration>
					  <AnimationType>0,0,0</AnimationType>
					</Animation>
					<IsDecorative>False</IsDecorative>
					<IsFixed>False</IsFixed>
					<IsMirrored>False</IsMirrored>
					<IsSolid>True</IsSolid>
					<Offset>-2,0,-2</Offset>
					<Position>2,12,0</Position>
					<Rotation>0,0,0</Rotation>
					<Size>4,12,4</Size>
					<TextureOffset>16,48</TextureOffset>
					<Scale>0</Scale>
					<Part>LeftLeg</Part>
				  </Shape>
				  <Shape type="d9e621f7-957f-4b77-b1ae-20dcd0da7751" name="Left Leg Armor">
					<Animation>
					  <AnimationAngles>0,0,0</AnimationAngles>
					  <AnimationDuration>0,0,0</AnimationDuration>
					  <AnimationType>0,0,0</AnimationType>
					</Animation>
					<IsDecorative>False</IsDecorative>
					<IsFixed>False</IsFixed>
					<IsMirrored>False</IsMirrored>
					<Offset>-2,0,-2</Offset>
					<Position>2,12,0</Position>
					<Rotation>0,0,0</Rotation>
					<Size>4,12,4</Size>
					<TextureOffset>0,48</TextureOffset>
					<Scale>0.5</Scale>
					<Part>LeftLegArmor</Part>
				  </Shape>
				</Folder>
			</Geometry>
			<GlScale>1,1,1</GlScale>
			<Name>Human (1.8)</Name>
			<TextureSize>64,64</TextureSize>
		</Model>
	</Models>
	<Name>Alex Human (1.8)</Name>
</Techne>