﻿<Techne Version="2.2">
	<Author />
	<DateCreated />
	<Description />
	<Models>
		<Model texture="none.png">
			<BaseClass>ModelBase</BaseClass>
			<Geometry>
				<Folder type="f8bf7d5b-37bf-455b-93f9-b6f9e81620e1" Name="Model">
					<Shape type="d9e621f7-957f-4b77-b1ae-20dcd0da7751" name="Head">
						<Animation>
							<AnimationAngles>0,0,0</AnimationAngles>
							<AnimationDuration>0,0,0</AnimationDuration>
							<AnimationType>0,0,0</AnimationType>
						</Animation>
						<IsDecorative>False</IsDecorative>
						<IsFixed>False</IsFixed>
						<IsMirrored>False</IsMirrored>
						<Offset>-4,-12,-7.5</Offset>
						<Position>0,-7,0</Position>
						<Rotation>0,0,0</Rotation>
						<Size>8,10,8</Size>
						<TextureOffset>0,0</TextureOffset>
						<Scale>0</Scale>
						<Part>Head</Part>
					</Shape>
					<Shape type="d9e621f7-957f-4b77-b1ae-20dcd0da7751" name="Nose">
						<Animation>
							<AnimationAngles>0,0,0</AnimationAngles>
							<AnimationDuration>0,0,0</AnimationDuration>
							<AnimationType>0,0,0</AnimationType>
						</Animation>
						<IsDecorative>False</IsDecorative>
						<IsFixed>False</IsFixed>
						<IsMirrored>False</IsMirrored>
						<Offset>-1,-5,-9.5</Offset>
						<Position>0,-7,0</Position>
						<Rotation>0,0,0</Rotation>
						<Size>2,4,2</Size>
						<TextureOffset>24,0</TextureOffset>
						<Scale>0</Scale>
						<Part>Head</Part>
					</Shape>
					<Shape type="d9e621f7-957f-4b77-b1ae-20dcd0da7751" name="Chest">
						<Animation>
							<AnimationAngles>0,0,0</AnimationAngles>
							<AnimationDuration>0,0,0</AnimationDuration>
							<AnimationType>0,0,0</AnimationType>
						</Animation>
						<IsDecorative>False</IsDecorative>
						<IsFixed>False</IsFixed>
						<IsMirrored>False</IsMirrored>
						<Offset>-9,-2,-6</Offset>
						<Position>0,-7,0</Position>
						<Rotation>0,0,0</Rotation>
						<Size>18,12,11</Size>
						<TextureOffset>0,40</TextureOffset>
						<Scale>0</Scale>
						<Part>Chest</Part>
					</Shape>
					<Shape type="d9e621f7-957f-4b77-b1ae-20dcd0da7751" name="Stomach">
						<Animation>
							<AnimationAngles>0,0,0</AnimationAngles>
							<AnimationDuration>0,0,0</AnimationDuration>
							<AnimationType>0,0,0</AnimationType>
						</Animation>
						<IsDecorative>False</IsDecorative>
						<IsFixed>False</IsFixed>
						<IsMirrored>False</IsMirrored>
						<Offset>-4.5,10,-3</Offset>
						<Position>0,-7,0</Position>
						<Rotation>0,0,0</Rotation>
						<Size>9,5,6</Size>
						<TextureOffset>0,70</TextureOffset>
						<Scale>0.5</Scale>
						<Part>Chest</Part>
					</Shape>
					<Shape type="d9e621f7-957f-4b77-b1ae-20dcd0da7751" name="Right Arm">
						<Animation>
							<AnimationAngles>0,0,0</AnimationAngles>
							<AnimationDuration>0,0,0</AnimationDuration>
							<AnimationType>0,0,0</AnimationType>
						</Animation>
						<IsDecorative>False</IsDecorative>
						<IsFixed>False</IsFixed>
						<IsMirrored>False</IsMirrored>
						<Offset>-13,-2.5,-3</Offset>
						<Position>0,-7,0</Position>
						<Rotation>0,0,0</Rotation>
						<Size>4,30,6</Size>
						<TextureOffset>60,21</TextureOffset>
						<Scale>0</Scale>
						<Part>RightArm</Part>
					</Shape>
					<Shape type="d9e621f7-957f-4b77-b1ae-20dcd0da7751" name="Left Arm">
						<Animation>
							<AnimationAngles>0,0,0</AnimationAngles>
							<AnimationDuration>0,0,0</AnimationDuration>
							<AnimationType>0,0,0</AnimationType>
						</Animation>
						<IsDecorative>False</IsDecorative>
						<IsFixed>False</IsFixed>
						<IsMirrored>False</IsMirrored>
						<Offset>9,-2.5,-3</Offset>
						<Position>0,-7,0</Position>
						<Rotation>0,0,0</Rotation>
						<Size>4,30,6</Size>
						<TextureOffset>60,58</TextureOffset>
						<Scale>0</Scale>
						<Part>LeftArm</Part>
					</Shape>
					<Shape type="d9e621f7-957f-4b77-b1ae-20dcd0da7751" name="Right Leg">
						<Animation>
							<AnimationAngles>0,0,0</AnimationAngles>
							<AnimationDuration>0,0,0</AnimationDuration>
							<AnimationType>0,0,0</AnimationType>
						</Animation>
						<IsDecorative>False</IsDecorative>
						<IsFixed>False</IsFixed>
						<IsMirrored>False</IsMirrored>
						<Offset>-3.5,-3,-3</Offset>
						<Position>-4,11,0</Position>
						<Rotation>0,0,0</Rotation>
						<Size>6,16,5</Size>
						<TextureOffset>37,0</TextureOffset>
						<Scale>0</Scale>
						<Part>RightLeg</Part>
					</Shape>
					<Shape type="d9e621f7-957f-4b77-b1ae-20dcd0da7751" name="Left Leg">
						<Animation>
							<AnimationAngles>0,0,0</AnimationAngles>
							<AnimationDuration>0,0,0</AnimationDuration>
							<AnimationType>0,0,0</AnimationType>
						</Animation>
						<IsDecorative>False</IsDecorative>
						<IsFixed>False</IsFixed>
						<IsMirrored>True</IsMirrored>
						<Offset>-3.5,-3,-3</Offset>
						<Position>4,11,0</Position>
						<Rotation>0,0,0</Rotation>
						<Size>6,16,5</Size>
						<TextureOffset>60,0</TextureOffset>
						<Scale>0</Scale>
						<Part>LeftLeg</Part>
					</Shape>
				</Folder>
			</Geometry>
			<GlScale>1,1,1</GlScale>
			<Name>Golem</Name>
			<TextureSize>128,128</TextureSize>
		</Model>
	</Models>
	<Name>Golem</Name>
</Techne>