﻿<Techne Version="2.2">
	<Author />
	<DateCreated />
	<Description />
	<Models>
		<Model texture="none.png">
			<BaseClass>ModelBase</BaseClass>
			<Geometry>
				<Folder type="f8bf7d5b-37bf-455b-93f9-b6f9e81620e1" Name="Model">
					<Shape type="d9e621f7-957f-4b77-b1ae-20dcd0da7751" name="Body">
						<Animation>
							<AnimationAngles>0,0,0</AnimationAngles>
							<AnimationDuration>0,0,0</AnimationDuration>
							<AnimationType>0,0,0</AnimationType>
						</Animation>
						<IsDecorative>False</IsDecorative>
						<IsFixed>False</IsFixed>
						<IsMirrored>False</IsMirrored>
						<Offset>-6,-8,-6</Offset>
						<Position>0,8,0</Position>
						<Rotation>0,0,0</Rotation>
						<Size>12,16,12</Size>
						<TextureOffset>0,0</TextureOffset>
						<Scale>0</Scale>
						<Part>Chest</Part>
					</Shape>
					<Shape type="d9e621f7-957f-4b77-b1ae-20dcd0da7751" name="Tentacle">
						<Animation>
							<AnimationAngles>0,0,0</AnimationAngles>
							<AnimationDuration>0,0,0</AnimationDuration>
							<AnimationType>0,0,0</AnimationType>
						</Animation>
						<IsDecorative>False</IsDecorative>
						<IsFixed>False</IsFixed>
						<IsMirrored>False</IsMirrored>
						<Offset>-1,0,-1</Offset>
						<Position>5,15,0</Position>
						<Rotation>0,90,0</Rotation>
						<Size>2,18,2</Size>
						<TextureOffset>48,0</TextureOffset>
						<Scale>0</Scale>
						<Part>LeftArm</Part>
					</Shape>
					<Shape type="d9e621f7-957f-4b77-b1ae-20dcd0da7751" name="Tentacle">
						<Animation>
							<AnimationAngles>0,0,0</AnimationAngles>
							<AnimationDuration>0,0,0</AnimationDuration>
							<AnimationType>0,0,0</AnimationType>
						</Animation>
						<IsDecorative>False</IsDecorative>
						<IsFixed>False</IsFixed>
						<IsMirrored>False</IsMirrored>
						<Offset>-1,0,-1</Offset>
						<Position>3.535534,15,3.535534</Position>
						<Rotation>0,45,0</Rotation>
						<Size>2,18,2</Size>
						<TextureOffset>48,0</TextureOffset>
						<Scale>0</Scale>
						<Part>LeftArm</Part>
					</Shape>
					<Shape type="d9e621f7-957f-4b77-b1ae-20dcd0da7751" name="Tentacle">
						<Animation>
							<AnimationAngles>0,0,0</AnimationAngles>
							<AnimationDuration>0,0,0</AnimationDuration>
							<AnimationType>0,0,0</AnimationType>
						</Animation>
						<IsDecorative>False</IsDecorative>
						<IsFixed>False</IsFixed>
						<IsMirrored>False</IsMirrored>
						<Offset>-1,0,-1</Offset>
						<Position>3.061516E-16,15,5</Position>
						<Rotation>0,0,0</Rotation>
						<Size>2,18,2</Size>
						<TextureOffset>48,0</TextureOffset>
						<Scale>0</Scale>
						<Part>LeftArm</Part>
					</Shape>
					<Shape type="d9e621f7-957f-4b77-b1ae-20dcd0da7751" name="Tentacle">
						<Animation>
							<AnimationAngles>0,0,0</AnimationAngles>
							<AnimationDuration>0,0,0</AnimationDuration>
							<AnimationType>0,0,0</AnimationType>
						</Animation>
						<IsDecorative>False</IsDecorative>
						<IsFixed>False</IsFixed>
						<IsMirrored>False</IsMirrored>
						<Offset>-1,0,-1</Offset>
						<Position>-3.535534,15,3.535534</Position>
						<Rotation>0,-45,0</Rotation>
						<Size>2,18,2</Size>
						<TextureOffset>48,0</TextureOffset>
						<Scale>0</Scale>
						<Part>LeftArm</Part>
					</Shape>
					<Shape type="d9e621f7-957f-4b77-b1ae-20dcd0da7751" name="Tentacle">
						<Animation>
							<AnimationAngles>0,0,0</AnimationAngles>
							<AnimationDuration>0,0,0</AnimationDuration>
							<AnimationType>0,0,0</AnimationType>
						</Animation>
						<IsDecorative>False</IsDecorative>
						<IsFixed>False</IsFixed>
						<IsMirrored>False</IsMirrored>
						<Offset>-1,0,-1</Offset>
						<Position>-5,15,6.123032E-16</Position>
						<Rotation>0,-90,0</Rotation>
						<Size>2,18,2</Size>
						<TextureOffset>48,0</TextureOffset>
						<Scale>0</Scale>
						<Part>LeftArm</Part>
					</Shape>
					<Shape type="d9e621f7-957f-4b77-b1ae-20dcd0da7751" name="Tentacle">
						<Animation>
							<AnimationAngles>0,0,0</AnimationAngles>
							<AnimationDuration>0,0,0</AnimationDuration>
							<AnimationType>0,0,0</AnimationType>
						</Animation>
						<IsDecorative>False</IsDecorative>
						<IsFixed>False</IsFixed>
						<IsMirrored>False</IsMirrored>
						<Offset>-1,0,-1</Offset>
						<Position>-3.535534,15,-3.535534</Position>
						<Rotation>0,-135,0</Rotation>
						<Size>2,18,2</Size>
						<TextureOffset>48,0</TextureOffset>
						<Scale>0</Scale>
						<Part>LeftArm</Part>
					</Shape>
					<Shape type="d9e621f7-957f-4b77-b1ae-20dcd0da7751" name="Tentacle">
						<Animation>
							<AnimationAngles>0,0,0</AnimationAngles>
							<AnimationDuration>0,0,0</AnimationDuration>
							<AnimationType>0,0,0</AnimationType>
						</Animation>
						<IsDecorative>False</IsDecorative>
						<IsFixed>False</IsFixed>
						<IsMirrored>False</IsMirrored>
						<Offset>-1,0,-1</Offset>
						<Position>-9.184548E-16,15,-5</Position>
						<Rotation>0,-180,0</Rotation>
						<Size>2,18,2</Size>
						<TextureOffset>48,0</TextureOffset>
						<Scale>0</Scale>
						<Part>LeftArm</Part>
					</Shape>
					<Shape type="d9e621f7-957f-4b77-b1ae-20dcd0da7751" name="Tentacle">
						<Animation>
							<AnimationAngles>0,0,0</AnimationAngles>
							<AnimationDuration>0,0,0</AnimationDuration>
							<AnimationType>0,0,0</AnimationType>
						</Animation>
						<IsDecorative>False</IsDecorative>
						<IsFixed>False</IsFixed>
						<IsMirrored>False</IsMirrored>
						<Offset>-1,0,-1</Offset>
						<Position>3.535534,15,-3.535534</Position>
						<Rotation>0,-225,0</Rotation>
						<Size>2,18,2</Size>
						<TextureOffset>48,0</TextureOffset>
						<Scale>0</Scale>
						<Part>LeftArm</Part>
					</Shape>
				</Folder>
			</Geometry>
			<GlScale>1,1,1</GlScale>
			<Name>Squid</Name>
			<TextureSize>64,32</TextureSize>
		</Model>
	</Models>
	<Name>Squid</Name>
</Techne>